{"count":1,"self":8417.0088447999988,"total":9203.4626322,"children":{"InitializeActuators":{"count":16,"self":0.0029981,"total":0.0029981,"children":null},"InitializeSensors":{"count":16,"self":0.0019982,"total":0.0019982,"children":null},"AgentSendState":{"count":312717,"self":11.742215999999999,"total":32.499702899999996,"children":{"CollectObservations":{"count":1000704,"self":4.2799064,"total":4.2799064,"children":null},"CollectDiscreteActionMasks":{"count":1000704,"self":1.7322852,"total":1.7322851,"children":null},"RequestDecision":{"count":1000704,"self":6.0192831999999994,"total":14.7452952,"children":{"AgentInfo.ToProto":{"count":1000704,"self":4.4786388,"total":8.7260122,"children":{"GenerateSensorData":{"count":1000704,"self":4.2473735999999995,"total":4.2473735,"children":null}}}}}}},"DecideAction":{"count":312717,"self":722.1037056,"total":722.1037104,"children":null},"AgentAct":{"count":312717,"self":31.6537568,"total":31.844336199999997,"children":{"AgentInfo.ToProto":{"count":11995,"self":0.10068719999999999,"total":0.1905799,"children":{"GenerateSensorData":{"count":11995,"self":0.089892699999999992,"total":0.089892699999999992,"children":null}}}}}},"gauges":{"LunarLander.CumulativeReward":{"count":11995,"max":1,"min":-2.120586,"runningAverage":0.291903555,"value":1,"weightedAverage":0.855002046}},"metadata":{"timer_format_version":"0.1.0","start_time_seconds":"1608991534","unity_version":"2020.2.0f1","command_line_arguments":"C:\\Program Files\\Unity\\Hub\\Editor\\2020.2.0f1\\Editor\\Unity.exe -projectpath C:\/Users\/eetu\/UnityRL -useHub -hubIPC -cloudEnvironment production -hubSessionId 56705370-4534-11eb-a8d1-052e4d727190","communication_protocol_version":"1.2.0","com.unity.ml-agents_version":"1.6.0-preview","scene_name":"LunarLander","end_time_seconds":"1609000737"}}